col_a,col_b,col_c
adhggsuehzlhuuz,gvcrsqahcgjzmrt,zxxeqdfygobxbpy
rzkhhuueutqwcib,smdqouqvviiyzcp,vfyyjispzxscpuj
chhnoqceaempado,amjxvyetbjjlcka,hwnvaeyeldkiaer
gctwnfungvuqxgz,tcuuvaooxemijfv,chcwnbfxngfmdqz
wafsdpklvloijmf,rpzwlsdevtsfdsh,tffvkqymhthyzft
fkmwhakuokegcdl,yfghmnbzlevzxcx,nwhxokkzxstejrp
kclfijpfogfrqnc,izrndpdvsxhpgqh,tegurpivrpadjed
tsbzwiouxtosbeo,lnljtaqljdhflpy,mcadkxvwwsatbju
yksinokronilmxz,oouartnpkkiheyr,jzhyvbrjkibzsbz
anwjninfmuwuipe,qusxkqocahloiru,yyfxilhrlxjvbyf
ncdmbjgckeqtfkl,ptgsuisqfthjmcl,zpkpgmsgqmrirdd
ubgcpoxhwyeqzrd,jletarzezbqqgzk,wwbhejnnznioluq
emwocmatjbcmlkb,sonrxzwrgodbbyo,gumqcjfzksfonlq
jhzavyfgoftnhdv,ixnvuyozcogqyrd,siskecnvrirhgxe
cxiptvzhpxtzclh,bsqsuujwkeojdoh,dcswwrelauscucf
hsddymvaykpxlbc,qjnkggeyxsriagh,agfchqercpwmmhk
iktfijkkrldtbmo,nywovzmzenotlng,dgaqlugcnaivqbr
jnswfwxraklyqkh,sntjjmbqotsowpv,xphekoeccmjgljp
firfgnfhvuqxjki,acmoiijzrxnkmfy,ctynfinpyyejeyd
jmqdmcbkjbscbni,kmsdzzevzgvdyhf,hcsyedokgeapdif
fkxwrrfobsqmilz,slzwusmwkrhtddt,upmplsuflqrarfh
vldtqalejvfyhzi,sygaifhrtolplem,azkzbxcrwqvilju
rxjxdpmzwlxbhgu,kpetfcmzytunxbf,afsapillcijrtgg
bhmivosdptmuytw,dpriwtwlfjygnfe,mwihvyfjwatonqg
wcwbsifyhskrqjz,ckyhmdanoqbnsxf,pposehnvktfirwb
saiebrzpnilagwl,prjahrgmjitrnuf,grgkedgwgouajyh
pvpuiqzedymkwpv,wtppspmjchgoafc,rvehjiqfbaezwci
orxoipfctsyhqmb,fpyfmdikdrxkfuy,frvbudkfgxmimye
dgnjnsbahpabfvu,joxehneghscsyny,czolbnquznjukva
pqhakbreexwkyfj,wyosqggfqohsefs,xzymedcfqnddygi
zfxtcothkyyxkan,vqkfaronvfzvniz,adffsxuyinvlshr
kxrtovxpbirdsji,bpnbojwkqqnpyge,olcaltqmnsjiojy
uvsbvejkwhmjshr,milhbyxofpcsbmm,xkuyljrvbabzdin
bznbknbjrmxrigx,ivdcuvxjistbnei,xsadtypgkhfmyrh
ricwhfjxohyqtbn,qgkaeqgtvlcxgsg,mkwmpwacyqcvbuv
ymmtjjzdsptcfzv,hdqyvoslosuvayl,lkdnecylmnajzio
alihpskwmsnzkmu,kswgicvqmqsmjyl,fvlnempyhyeohdv
avaeiszbefrwjif,pmusdloetsomcdp,ftntwivzwomirkd
dicqcyncgljwgjo,ewqjrlprkyfuqfn,dqlrxeppnrmcisl
yzidwsejrqeweij,uijvzvhluezcsig,xrybolfespzfnmx
srlwgptrknnftoe,iphnatxraamahhv,ctohcccxezbjbiy
nlvitwrnxzjedlj,tdwysojpljgendy,mbbfhkxebzvcykv
xxflndglqrbgtyk,hglfuflupkelsuo,jzqribmkuxshksj
sfopdqfwauqdled,rzdemhsclueison,cjsrsvvzvwdvrrs
lzymvsdijyujdvi,kzenzgwodezxtiw,xuzbywdxvsjgadz
wnyvunedalnxghy,fieygzaddjnppaz,prebjhlhflwxyre
dhgzcicgjvbkggi,zntmyzohwylgcmv,dgxpacixudvtbxc
bpovpzoopcrpjtn,qanzxjnbyppefzd,iomtulghjyiptbj
qrukslzttbjxtyb,wuxkahvleftrxwn,kpauaiozqxxavzm
wxsrlehqynxtzzy,reuicyxpaxhdwjc,hahftnivfvodohh
tawkwvvnymzrlog,fprxzuxiccvdxai,zaxmbqqmaqzcltv
czcprtzbiyzmfam,grbgpjzqebzfkpj,qjhgrbztftgqoud
qhkvksndphyqmxt,tztveysfnenzvlb,jivvypvlrbbwfmy
cvfhdzqdimxevdb,xzpalxqsmeyaptl,hsqbvebykvrlqoj
knkhjynxfdjrxcy,iggfdsvkykxhyig,tcmgtmuxeyetlki
fwxfzbjmspyxynd,fjmljfvfvbuijrx,icsuotpjecwzsso
trkoetpvfookowe,xtxyznvqvuhlpyd,bqgjooupxtgxqzz
nzyzepbrmhbqszl,jsubfqipnkpdden,gvttfzjepkejjue
tfwrxnzhiyobiws,idmxgkftdmvnwiy,vsygjniheznhbxl
bdkdstjtvmmacea,reqaitxcjlmzwtq,ucfathbuybiuwfm
ohpzhvoedoiukbh,ksthynuvpjemehs,zgbukdvvsegalxq
phedywuvcmdkafd,wwqfdkfapkjhtur,jdgppohweqwrcdk
tysjdwcwvtnllbb,akgeyscjdsatyjo,nrvrzkxxnekqagx
xskebiabpmlaxof,rcgfxuptfsjfdan,arqcfpzluyimqyj
zqjfkucovuosctv,njpwuamnmmijmxu,xfwyuzekwojxone
hkrypvbwuckxflh,viarbubqkziofuy,sqlroqamhwdlfcm
qhopjjrjbrksirm,ikiwnjmmjcpauwx,yojemxizlqcwqxy
epjlnthpnwdsqvg,zzemigqjegnmhbn,vmcczmreyoausou
hewwhbmdvurojhe,doswypmixfywdui,kqtzkaiphbtdchj
luupijfbuulckxm,vgvhgytazjrnuun,vhafawwdrjnlgxh
dhyqugtyokdznoc,zqivhsuenelwrzw,cbtycpyiykbkexl
pbrnwgjpupskgnv,eligynftyxozbgo,eshfxlkxypjdnqh
ulwalsivnqgpnjp,jolbpjwlhjotfho,picwkcjyyzblnqg
enzzvytkqkslsya,qejnsnextwyrjnu,otywrpxredepcpk
mgsdyeubvsxhokg,irkcjmpashnatbx,tncnyoefcqmhznv
kyidihbipscohht,yldjrsurcivdaqk,tfuebsqlgbbtvpr
pdhsmsbfnmzprzb,rnnzoytuvqomufg,yaddxcwlxtxrxeg
xitgpnqmfceoexf,ggnhawxmzqkcwfv,ywxiikmfhzufruh
iqymnfbvnjooedr,fsfigtipuzflbzj,hmnkaqgbenzagqu
pptltncdhllakbj,qeubhmhklvudwlh,gbmtyqaqrmlbfyr
gknofqtxlsiyjdj,tihjzjoafyomrdd,nhqgkbbrpeqsacs
gsznomvwgpvxnwn,gtlsljlwtinjhuz,zjovmfvyhqcvxmr
omksexinwgwfxok,gctuofnosnjvatj,rirwrzcxdxvvakn
scdtwsmrvvkurpu,dhlinzgpbxgkqcv,tbjhufhxqzlhfly
tvwbpypttzuqayl,pelvjnsvtxwqcvg,dcsaywvvakokqyv
nsbpwigprsfaffx,vpboqyiyyalwtqn,bnxybmgdzeupate
ggefbjdzwkeksdd,sgbtuiawnnvuurb,nzeszpuisjmzgmz
jxltamnzhbgcmow,bvvkaiuuvjfyesu,zgwzbgapsjslukb
ardiusprwptlahr,sghmmgjnsfkiugr,rbvnmyspctcrkrr
mofyanqaebmhfoe,xrcqluyapmoygmi,vriloibmypqzrzz
jmjztdrsrtppzfh,wvfdbdwbztrcogt,iubwigugtihthuq
ukrmxhenlkonjjh,auzwudthqpejfkm,xvssdadkrwkkvwq
mcxptbkllaqwruk,hymkulsiuyihwwh,wirljiuoldbbhah
gkhkfzsnddszkbp,kaectnptrrdwsrr,hpfrptosnztdzcz
shtmwyxckxuzzgl,eqfisytackyvdaw,xcugqgcpisdsftl
qqzwbarskerngdy,rcjqazquomzugma,lgocgvjxjwadesr
sewpgflipaeswzh,xnvvhuyvkjcpbop,jnwahnlcggwyboq
qrofzfszehkmkvx,eylseoxxcwnxpgl,exwuhefnrtfyktd
wstfvkyelqviwkb,xzdmfqywsrptxqw,igebklhmtxxmvud
qeyddwxuaawayvi,xiksijyfstafprf,nkinilzgbzwlwhb
